Tool,u_statistic,p_value,effect_size_rbc,significant
ssdeep,7970.5,0.00020335261167909264,0.20294999999999996,True
sdhash,7828.5,0.010138006776334033,0.18453125000000004,True
radiff2,7497.5,0.00041055896268969076,0.25025,True
