Variant,Percent_Reduction
_elit,42.07627704715271
_cff,36.94013794617734
_stripped,-0.7158860573786413
_O3,-9.776007371983388
_clang_O2,-21.77461572195779
